customer_id,age,sex,bmi,children,smoker,region,annual_income,annual_claim
10001,39,Female,23.5,0,No,East,53034,5416
10002,22,Male,30.5,1,No,North,37877,6915
10003,39,Female,33.1,4,No,North,56602,7550
10004,38,Female,31.1,4,No,North,49283,8243
10005,57,Male,21.0,1,No,South,69021,8680
10006,48,Male,23.4,0,No,South,59662,6498
10007,52,Female,,3,No,North,58650,9266
10008,62,Female,26.2,4,No,East,71983,13166
10009,20,Male,27.2,3,No,North,56910,5539
10010,24,Female,34.5,2,No,South,45100,6466
10011,64,Female,27.7,0,Yes,North,84716,11756
10012,63,Male,26.7,4,No,West,77009,12354
10013,49,Male,33.0,4,Yes,North,62765,13506
10014,31,Male,31.7,1,No,East,44029,8929
10015,48,Female,24.5,1,No,West,72317,10636
10016,63,Female,26.9,3,No,West,77415,9120
10017,29,Female,25.5,2,No,East,54715,5403
10018,65,Male,29.8,0,Yes,West,64244,16512
10019,58,Male,21.5,4,No,North,64853,10992
10020,62,Female,28.4,3,No,West,68259,9984
10021,37,Female,28.5,1,No,South,64203,6476
10022,20,Female,32.3,0,No,North,33128,5669
10023,45,Female,26.3,3,No,East,68138,6262
10024,24,Female,29.4,1,No,West,32198,5166
10025,48,Male,28.4,3,No,West,78528,9752
10026,40,Female,24.2,1,No,West,56563,6674
10027,49,Female,24.0,2,No,West,60067,9394
10028,30,Male,21.3,3,No,South,58453,8125
10029,21,Female,27.0,4,No,South,41724,6965
10030,22,Male,20.7,4,No,West,41336,5598
10031,60,Male,29.4,4,Yes,West,76610,15295
10032,58,Female,30.4,3,No,South,69524,7349
10033,58,Male,29.1,3,Yes,West,71734,15373
10034,60,Male,21.8,1,No,North,84013,8202
10035,31,Female,21.6,3,Yes,South,44995,10252
10036,24,Male,23.8,4,No,South,48290,5679
10037,63,Male,30.8,2,No,South,64618,10331
10038,24,Female,24.9,3,Yes,North,46561,10537
10039,24,Male,22.4,4,Yes,South,50049,12101
10040,61,Female,28.9,1,No,South,64461,7739
10041,45,Male,27.5,0,No,South,66453,7904
10042,53,Female,30.4,0,No,South,53283,7946
10043,24,Male,22.6,2,No,South,47370,7075
10044,54,Female,22.2,2,No,West,76288,8120
10045,39,Female,22.0,3,No,North,61432,5971
10046,46,Female,22.2,2,Yes,East,48831,10641
10047,52,Female,24.3,1,Yes,West,57545,10538
10048,39,Female,25.5,1,No,East,49598,7076
10049,47,Female,29.1,0,No,West,60867,5959
10050,26,Female,22.6,3,No,South,50142,7964
10051,49,Male,26.0,2,No,North,60302,8131
10052,49,Female,17.5,3,No,South,78455,7334
10053,60,Female,29.5,3,No,West,62181,10333
10054,55,Male,26.7,3,Yes,North,70336,12530
10055,56,Female,28.9,2,No,North,78502,9322
10056,56,Male,26.9,4,No,South,74993,8720
10057,38,Female,24.5,3,Yes,South,81373,9660
10058,54,Female,26.3,4,No,South,77925,8865
10059,21,Female,25.3,2,No,East,57866,4754
10060,60,Male,32.5,4,No,West,77942,10051
10061,60,Female,25.3,0,No,North,56847,15195
10062,26,Female,26.4,0,No,West,53703,6702
10063,50,Male,32.8,2,No,South,61134,10532
10064,64,Female,23.6,0,No,North,81636,9479
10065,42,Male,18.8,3,No,North,69942,6352
10066,28,Female,26.4,2,No,West,42273,5454
10067,40,Male,23.4,0,Yes,South,55445,11127
10068,21,Male,28.7,4,Yes,West,55763,11409
10069,51,Female,26.5,4,No,South,78193,9559
10070,23,Male,22.5,0,No,West,60169,14096
10071,64,Female,29.3,2,No,South,82069,11753
10072,23,Female,,0,No,North,28178,4583
10073,38,Male,23.2,1,No,North,63699,4243
10074,57,Female,28.6,1,No,South,82340,8169
10075,53,Female,32.2,0,No,North,44240,10908
10076,63,Male,21.9,2,No,South,69630,9091
10077,37,Female,26.8,4,No,West,77106,9376
10078,30,Male,21.3,0,Yes,North,54191,9487
10079,30,Female,21.2,1,No,East,43059,5862
10080,60,Female,23.2,2,No,South,80846,8298
10081,54,Male,28.0,3,No,North,70908,7040
10082,28,Male,22.3,4,No,South,53249,6636
10083,55,Male,24.9,3,No,South,81444,9883
10084,21,Male,33.0,1,Yes,North,31307,11041
10085,35,Male,20.9,0,No,East,45900,5062
10086,51,Female,29.7,2,No,West,71297,8522
10087,41,Female,29.0,3,No,East,46880,7724
10088,29,Male,30.5,1,No,North,41090,7056
10089,53,Female,21.6,3,No,West,77292,8440
10090,23,Female,26.3,0,No,East,39814,7886
10091,35,Male,22.5,3,No,West,55620,6047
10092,40,Male,30.0,3,No,North,49874,8837
10093,60,Male,25.4,4,No,West,80180,7023
10094,61,Female,18.8,3,No,North,65441,16266
10095,54,Male,32.7,0,No,East,66676,10045
10096,62,Female,28.8,3,No,North,63280,10227
10097,63,Female,28.2,4,No,East,62542,8195
10098,60,Female,24.1,4,No,North,85509,8454
10099,44,Female,17.6,4,No,West,67025,5192
10100,43,Female,20.5,4,No,North,60087,6648
10101,21,Female,30.6,0,No,South,38948,8159
10102,61,Male,26.0,3,Yes,South,89338,12812
10103,42,Male,27.3,4,No,North,52206,8080
10104,64,Female,25.0,3,No,South,67765,9149
10105,46,Female,22.5,3,Yes,West,76251,11306
10106,36,Female,30.7,3,No,North,46794,8054
10107,50,Male,24.8,4,No,East,58417,8942
10108,50,Male,29.4,0,No,South,61062,7384
10109,28,Male,23.4,1,No,East,71462,6835
10110,27,Male,34.0,4,No,North,58306,8743
10111,63,Female,22.4,3,No,East,66175,8691
10112,58,Male,23.5,2,Yes,North,54889,12425
10113,30,Male,27.7,4,No,West,43615,7127
10114,21,Female,30.8,1,No,South,45036,8324
10115,54,Female,30.4,3,No,West,70874,9058
10116,31,Female,24.4,2,No,South,47699,5325
10117,44,Male,31.9,0,No,North,64602,6033
10118,29,Female,24.3,0,No,East,51233,7445
10119,58,Female,31.3,2,No,West,66673,8800
10120,27,Female,,2,Yes,North,54355,10380
10121,25,Male,22.4,1,No,North,46475,5977
10122,65,Female,29.7,1,No,West,81287,10884
10123,46,Female,24.4,0,No,North,51643,6941
10124,31,Female,23.8,3,No,North,69263,6636
10125,53,Female,28.7,3,Yes,East,62187,14710
10126,38,Female,24.2,2,Yes,East,61850,10695
10127,51,Male,31.0,1,Yes,East,61205,11723
10128,46,Male,26.5,0,Yes,North,66438,10235
10129,64,Female,29.3,2,No,East,78849,11553
10130,46,Male,28.4,2,No,East,43110,8321
10131,26,Female,26.2,0,No,East,49600,5370
10132,46,Female,28.7,4,No,South,70201,8845
10133,38,Male,24.9,3,No,West,56662,5663
10134,21,Female,32.5,4,No,East,52450,8102
10135,61,Male,26.0,3,No,South,83083,8125
10136,34,Male,38.9,4,No,North,48965,8711
10137,41,Male,17.9,2,No,North,48410,8486
10138,48,Male,23.4,3,No,East,57983,8770
10139,29,Female,27.4,0,No,North,60267,6775
10140,22,Female,23.5,2,Yes,West,58387,10884
10141,37,Female,28.0,2,Yes,East,44945,12787
10142,28,Female,24.2,1,No,East,56155,4713
10143,20,Female,22.9,1,No,West,33751,6042
10144,36,Female,29.0,3,No,East,63123,7221
10145,52,Male,27.4,1,No,North,63873,8027
10146,32,Male,19.7,0,No,West,44441,5228
10147,62,Female,27.7,1,Yes,East,57659,12223
10148,64,Female,23.0,0,Yes,West,70365,13680
10149,59,Female,25.9,0,No,North,73902,6558
10150,52,Female,22.8,2,No,South,52414,10043
10151,60,Female,28.3,1,No,West,76220,10541
10152,46,Female,19.7,4,Yes,,60658,12179
10153,31,Male,27.5,1,No,South,52865,4771
10154,38,Male,25.6,2,No,West,53296,9931
10155,24,Male,24.6,4,Yes,West,44388,9583
10156,27,Female,28.7,3,No,North,58032,6997
10157,51,Male,26.0,4,Yes,West,60641,13950
10158,51,Male,32.1,2,No,West,68276,11197
10159,60,Male,,2,No,East,61107,9186
10160,31,Male,21.2,4,No,East,54696,6812
10161,20,Male,27.1,1,No,South,30482,7058
10162,62,Male,29.8,0,No,East,74350,9019
10163,39,Male,34.0,3,Yes,East,69135,12876
10164,35,Male,30.4,0,No,West,29741,4656
10165,65,Male,29.1,2,No,West,86291,11372
10166,51,Female,25.9,3,No,East,68155,5599
10167,62,Male,29.7,3,No,West,68713,12067
10168,22,Female,24.3,4,No,East,43025,7151
10169,45,Female,28.5,4,No,East,50694,8802
10170,36,Female,25.0,2,No,South,40135,7696
10171,46,Female,35.4,0,Yes,West,70529,12670
10172,57,Male,28.7,1,No,South,74382,11600
10173,30,Female,28.8,0,No,North,60183,9533
10174,60,Male,25.8,2,No,North,59620,11263
10175,33,Female,31.7,3,No,East,58646,8153
10176,34,Female,28.1,4,Yes,North,54180,11181
10177,38,Female,30.5,3,No,East,57089,6938
10178,50,Male,21.7,0,Yes,South,50147,12166
10179,41,Female,32.1,1,No,West,61169,7182
10180,42,Female,29.3,4,No,West,80107,8464
10181,22,Female,25.9,1,No,East,41719,7694
10182,56,Female,32.3,1,Yes,East,65355,13117
10183,38,Female,31.4,1,No,East,51611,7440
10184,55,Female,26.1,0,Yes,West,61621,14588
10185,39,Male,30.0,1,No,East,57479,8163
10186,30,Female,22.5,1,No,South,64453,7362
10187,53,Male,22.0,3,No,West,65964,6963
10188,54,Female,21.1,1,Yes,North,65333,11321
10189,49,Male,31.3,3,No,East,66211,8035
10190,41,Male,37.6,4,No,West,66125,9068
10191,38,Male,25.5,2,No,South,49789,7349
10192,31,Female,26.3,2,No,West,49001,6770
10193,21,Female,22.0,4,No,South,36690,5272
10194,40,Male,20.5,0,No,North,51170,6272
10195,64,Male,27.5,0,No,East,63345,8846
10196,58,Male,27.2,0,No,North,72488,8789
10197,46,Male,22.8,2,Yes,South,68623,12332
10198,60,Female,32.7,4,No,East,76541,9615
10199,42,Male,20.3,3,No,West,69193,7956
10200,39,Female,31.7,1,No,West,63012,9620
10201,41,Male,24.5,0,No,South,45945,8666
10202,26,Male,26.3,2,Yes,South,36443,10918
10203,50,Female,28.9,2,No,North,52264,15441
10204,31,Female,29.1,3,No,South,66168,7530
10205,63,Female,33.0,2,No,East,73648,10334
10206,64,Female,30.9,2,No,East,75880,10332
10207,64,Male,22.1,2,No,,71398,8414
10208,48,Male,25.1,4,No,West,78609,6808
10209,29,Male,30.3,1,Yes,South,36865,10777
10210,31,Male,27.9,0,No,West,53749,6425
10211,65,Female,28.1,1,No,North,80712,9287
10212,43,Female,21.2,3,No,South,65534,8057
10213,53,Female,32.2,4,No,North,86351,9572
10214,22,Female,26.7,3,No,East,38178,6300
10215,44,Male,32.4,2,No,East,57448,9433
10216,29,Female,30.2,0,No,East,47385,6060
10217,46,Female,29.4,2,No,,64554,10190
10218,38,Female,23.7,4,No,West,47515,7699
10219,34,Female,30.5,1,No,East,41890,8106
10220,46,Male,29.0,0,No,South,63975,9038
10221,39,Female,26.9,2,No,East,49888,6420
10222,20,Female,24.0,4,No,North,54740,4736
10223,57,Female,34.6,2,No,East,73411,8273
10224,50,Female,30.9,2,Yes,North,79373,13314
10225,22,Female,29.5,1,No,West,38264,7636
10226,46,Male,27.3,3,No,West,47013,5288
10227,26,Male,24.2,1,No,South,46342,4192
10228,21,Female,22.8,0,Yes,West,56278,7040
10229,65,Female,28.9,1,No,East,77911,10766
10230,54,Female,21.0,3,No,South,65699,8413
10231,27,Female,,0,Yes,East,25838,9799
10232,25,Female,35.2,1,Yes,North,35551,10351
10233,43,Female,28.6,0,No,North,52780,7909
10234,26,Male,30.5,1,No,East,43681,4519
10235,22,Male,18.0,3,No,West,42428,6170
10236,42,Male,26.2,4,No,North,63691,9024
10237,38,Female,26.2,1,No,North,53905,7219
10238,46,Male,21.4,1,No,South,59338,7764
10239,38,Male,27.8,1,No,,55066,7771
10240,57,Male,21.1,1,No,North,65335,7469
10241,32,Female,21.6,3,No,East,64340,6341
10242,26,Female,28.8,2,No,North,45824,4233
10243,58,Female,26.3,2,No,North,58771,9376
10244,26,Female,30.1,0,No,North,44060,6339
10245,50,Male,22.6,0,No,West,63502,8714
10246,31,Female,35.6,2,No,West,42082,7868
10247,51,Male,23.1,2,No,South,57914,8221
10248,60,Male,23.5,2,No,South,79812,8951
10249,28,Female,20.2,4,No,West,52859,4722
10250,65,Female,25.5,2,Yes,South,65809,13617
10251,24,Female,31.2,3,Yes,East,45910,12694
10252,24,Male,28.2,4,Yes,South,55886,9795
10253,28,Male,25.5,1,Yes,West,35589,9996
10254,64,Male,28.6,4,No,West,82068,10019
10255,20,Female,21.4,4,No,West,62538,5200
10256,28,Female,23.6,0,No,South,52958,5334
10257,59,Male,25.8,0,No,North,49748,8244
10258,64,Female,22.4,0,No,South,79161,8535
10259,54,Female,25.6,4,No,South,64657,9674
10260,53,Female,23.8,3,No,West,72520,8102
10261,57,Female,22.9,4,No,North,78843,8486
10262,36,Female,,4,No,West,44471,5445
10263,60,Male,25.3,4,No,South,80160,7750
10264,22,Male,28.5,2,No,North,48471,7067
10265,34,Male,27.5,3,No,South,36864,9740
10266,62,Female,32.4,4,No,East,43156,9945
10267,54,Female,28.4,3,No,North,63926,8034
10268,37,Female,29.6,2,Yes,East,49499,13242
10269,26,Male,28.2,4,No,West,47304,7215
10270,24,Male,26.9,1,No,North,51992,7138
10271,26,Male,28.7,1,No,North,37572,7044
10272,39,Male,23.5,4,No,North,40840,6845
10273,63,Male,28.0,3,No,South,69576,11123
10274,27,Male,33.2,3,No,East,60375,7449
10275,47,Male,19.0,1,No,North,61391,8063
10276,65,Female,29.2,1,No,West,79420,9580
10277,32,Female,27.5,0,No,South,57610,8867
10278,32,Female,29.9,2,No,East,40541,6724
10279,58,Female,22.6,0,No,East,48765,7189
10280,49,Female,27.1,3,No,East,70501,7805
10281,60,Male,21.8,2,No,North,69212,9857
10282,61,Female,21.2,2,Yes,East,62761,12103
10283,61,Female,25.0,1,Yes,South,74796,12658
10284,37,Female,,4,Yes,North,56264,13130
10285,21,Female,19.1,0,No,East,54160,4896
10286,44,Female,27.6,4,No,North,53049,9670
10287,28,Male,33.3,1,No,East,46750,6699
10288,29,Male,26.0,1,Yes,West,53985,11419
10289,39,Female,29.1,0,No,South,57412,8881
10290,55,Male,29.7,2,No,North,67696,9014
10291,59,Male,32.2,3,No,North,70091,11370
10292,61,Male,28.0,1,No,West,61113,10444
10293,57,Female,24.3,3,No,North,66127,7940
10294,46,Male,26.0,1,No,West,40413,9163
10295,24,Male,25.2,2,Yes,,32685,11883
10296,38,Female,31.0,1,No,South,49967,7763
10297,32,Male,22.0,4,No,East,66596,5789
10298,28,Male,29.0,0,No,East,60179,5578
10299,26,Male,25.9,0,Yes,South,45024,11556
10300,47,Female,21.7,1,Yes,West,73070,12776
10301,58,Male,20.5,2,No,North,81430,9376
10302,47,Female,28.3,3,No,West,75171,7428
10303,57,Male,22.0,0,No,North,65433,10032
10304,22,Male,24.6,0,No,East,58826,5282
10305,55,Female,28.4,0,No,East,49067,17074
10306,39,Female,31.8,3,No,North,77828,8216
10307,36,Male,24.2,4,No,South,60303,6533
10308,34,Male,27.0,1,Yes,West,51660,9733
10309,32,Male,27.5,4,No,,61667,7337
10310,56,Male,26.0,4,No,South,73630,11175
10311,48,Male,29.7,1,No,East,57111,7735
10312,59,Male,21.1,0,Yes,East,63781,12925
10313,41,Male,27.7,0,Yes,North,51666,12834
10314,63,Male,31.9,0,No,South,60845,10277
10315,55,Female,30.4,0,No,East,68359,8288
10316,32,Female,28.6,2,No,North,64012,6354
10317,43,Female,,1,Yes,East,57924,11879
10318,50,Female,19.2,2,No,West,56194,9713
10319,61,Male,27.1,1,No,West,43889,11000
10320,25,Female,32.4,4,No,North,36162,8849
10321,61,Male,28.7,0,No,West,67677,7825
10322,23,Female,25.2,2,No,East,37222,6047
10323,49,Female,22.3,0,No,West,64426,8107
10324,55,Male,22.0,2,No,North,66924,9563
10325,37,Male,28.9,0,No,North,38384,5430
10326,49,Female,34.8,2,No,South,58778,7232
10327,56,Female,30.5,0,No,West,79443,9285
10328,55,Male,28.0,2,No,North,68573,6743
10329,37,Male,20.6,1,No,East,41224,5282
10330,32,Male,23.5,1,No,South,53145,6321
10331,54,Female,24.4,2,Yes,North,60100,14336
10332,52,Female,24.1,4,No,North,69922,9782
10333,59,Male,29.4,0,Yes,South,74178,14483
10334,22,Female,26.1,0,No,West,33930,6751
10335,60,Female,29.6,2,No,West,61751,11521
10336,53,Female,31.0,1,Yes,North,60881,12052
10337,52,Male,28.9,2,No,East,79556,9269
10338,49,Female,26.2,0,No,East,57492,6906
10339,22,Male,28.9,4,No,South,46988,5707
10340,24,Female,26.7,4,No,West,39210,7116
10341,60,Male,20.3,1,Yes,North,76279,11070
10342,20,Male,22.7,1,No,East,52568,13056
10343,61,Male,19.5,4,No,North,81653,9260
10344,57,Female,28.0,2,Yes,South,67300,13095
10345,57,Male,28.7,1,Yes,South,60043,13973
10346,24,Male,26.7,0,No,North,48588,5726
10347,21,Male,29.4,0,No,East,48408,6236
10348,21,Male,27.0,4,Yes,South,34459,8918
10349,35,Male,30.9,1,No,West,52397,8314
10350,64,Female,29.7,1,No,North,73219,8232
10351,28,Male,22.7,2,Yes,South,44324,10030
10352,49,Female,21.8,1,No,South,62969,7737
10353,48,Female,18.4,0,No,North,56244,7085
10354,47,Female,28.6,4,No,South,69900,11296
10355,47,Male,27.7,4,No,East,73655,8144
10356,34,Male,17.5,0,No,East,53174,5671
10357,27,Female,26.4,0,Yes,East,45756,9350
10358,51,Female,23.6,3,Yes,South,54975,12354
10359,40,Male,22.0,1,No,North,55348,8521
10360,36,Female,22.3,0,Yes,West,62322,11594
10361,30,Female,34.1,2,No,West,51862,8233
10362,32,Female,26.2,4,No,East,57276,5586
10363,53,Male,18.3,4,Yes,West,72349,12135
10364,38,Male,31.5,0,Yes,South,52867,10476
10365,40,Female,35.2,1,No,North,50510,7962
10366,48,Female,30.6,4,Yes,West,53407,11748
10367,50,Male,28.5,2,No,East,66855,11336
10368,30,Female,27.7,4,No,West,48343,7325
10369,36,Male,28.0,0,Yes,South,67570,11279
10370,48,Male,25.0,4,No,East,74885,8336
10371,40,Female,25.7,2,No,North,68978,7412
10372,42,Female,31.4,2,No,South,69157,8516
10373,57,Male,29.6,1,No,East,71787,9385
10374,35,Female,33.5,4,Yes,West,67601,13100
10375,29,Male,29.3,3,No,West,41919,5518
10376,58,Male,26.4,0,No,East,57087,9749
10377,37,Female,28.3,3,No,West,46385,8705
10378,33,Male,31.0,4,No,North,37949,7182
10379,50,Female,30.2,1,No,North,63619,8582
10380,49,Male,25.7,3,Yes,West,81522,13078
10381,38,Female,29.6,4,No,North,50668,7204
10382,40,Female,31.5,0,No,West,67954,17848
10383,26,Female,30.1,3,No,West,46607,7739
10384,56,Female,26.7,4,No,South,59900,9318
10385,49,Female,32.4,1,Yes,North,60014,12948
10386,36,Female,24.3,3,No,North,61852,7222
10387,54,Male,27.3,3,Yes,East,75290,12846
10388,45,Female,26.8,4,No,East,63262,7453
10389,56,Female,22.6,3,Yes,West,67081,12592
10390,47,Male,27.9,1,Yes,South,58534,11736
10391,41,Female,33.6,2,Yes,West,75468,11062
10392,26,Female,26.3,2,Yes,West,50055,9453
10393,59,Female,29.1,4,No,East,62587,10365
10394,63,Female,28.0,4,No,North,84096,11151
10395,44,Female,26.3,4,No,East,84361,8021
10396,47,Male,23.1,3,No,South,65724,8180
10397,41,Male,28.1,0,No,South,59685,6470
10398,31,Female,26.9,0,No,North,57083,5755
10399,44,Male,19.2,0,No,South,78584,7137
10400,63,Female,31.9,2,No,West,76625,8762
10401,38,Male,17.5,3,Yes,West,71942,10627
10402,57,Male,21.7,3,No,North,68436,8951
10403,62,Male,27.9,0,No,West,61187,8625
10404,55,Male,24.0,4,No,East,66697,10804
10405,42,Female,25.3,2,No,East,53818,7399
10406,62,Male,26.6,2,Yes,North,74193,13512
10407,48,Female,19.5,1,No,North,68780,7781
10408,27,Male,26.5,4,No,West,42252,6003
10409,20,Female,27.4,4,No,East,50913,8294
10410,54,Male,22.8,3,No,East,69291,8138
10411,28,Female,32.0,2,No,North,58779,6462
10412,62,Male,22.3,4,No,West,77674,9391
10413,25,Female,22.6,1,No,North,59218,5591
10414,45,Male,23.8,4,No,East,67405,9058
10415,46,Female,24.0,2,No,West,70046,6969
10416,59,Female,24.2,1,Yes,,73373,14948
10417,24,Male,24.3,4,Yes,South,40460,10669
10418,22,Female,20.9,4,Yes,North,79131,12067
10419,29,Male,31.6,2,No,East,49182,8440
10420,60,Male,21.3,1,No,West,71651,6780
10421,28,Female,35.2,3,Yes,East,58035,14008
10422,21,Female,24.3,2,Yes,West,29995,11011
10423,52,Female,26.7,1,No,South,62519,8225
10424,37,Female,27.1,1,Yes,East,69674,9321
10425,24,Male,35.0,2,Yes,East,54559,12253
10426,41,Male,29.3,3,No,,63976,8582
10427,25,Female,,0,No,South,50529,5537
10428,34,Male,28.6,4,No,East,65867,7767
10429,48,Female,26.7,4,Yes,West,55769,15045
10430,31,Male,29.6,3,No,South,50121,7945
10431,43,Male,33.3,2,No,North,73648,17135
10432,31,Female,29.6,3,No,South,64208,6272
10433,42,Female,27.8,1,No,West,74806,7261
10434,39,Male,27.9,3,No,West,54753,8009
10435,49,Female,23.2,0,Yes,South,73380,13709
10436,46,Female,31.6,3,Yes,South,53557,12934
10437,34,Female,24.0,0,No,North,45299,5745
10438,62,Male,21.2,4,No,East,84956,8445
10439,40,Male,26.7,4,No,South,73176,6123
10440,65,Female,29.4,0,No,North,60644,10169
10441,27,Male,24.0,3,No,South,66282,5248
10442,39,Male,29.4,0,No,South,56683,7252
10443,31,Female,24.5,4,No,South,51133,8979
10444,24,Male,21.8,2,Yes,East,41363,9362
10445,59,Female,30.8,0,Yes,South,65116,12030
10446,48,Male,22.8,4,No,South,74948,8581
10447,52,Female,21.3,1,No,West,68916,6760
10448,35,Female,23.5,3,No,East,55095,6094
10449,53,Female,31.0,2,Yes,East,52878,13851
10450,59,Female,22.8,4,No,West,63843,8434
10451,58,Female,31.9,0,No,South,54075,7864
10452,63,Female,17.5,0,No,South,83287,7319
10453,46,Male,23.1,0,Yes,North,54764,12692
10454,56,Female,37.6,4,No,East,75506,10507
10455,43,Female,24.4,3,No,North,53798,8686
10456,20,Female,31.1,0,Yes,East,47983,9257
10457,61,Female,31.1,2,No,North,54231,10560
10458,36,Female,32.7,4,No,South,54242,8571
10459,61,Male,24.6,0,No,East,69302,8660
10460,37,Male,23.7,0,No,North,30471,7063
10461,20,Male,21.3,1,Yes,South,30722,8616
10462,30,Male,26.5,4,No,South,46960,7351
10463,55,Male,26.1,0,Yes,South,59661,11398
10464,24,Male,34.4,3,No,South,38587,5608
10465,62,Male,27.4,3,No,North,70577,8867
10466,41,Female,22.5,4,Yes,West,75124,9725
10467,44,Male,25.5,2,No,East,51739,6491
10468,53,Female,28.1,1,No,East,57632,8671
10469,64,Female,29.0,1,No,South,69396,8475
10470,34,Male,30.0,0,No,West,62629,5105
10471,35,Male,25.7,4,Yes,West,53139,11587
10472,41,Male,22.8,1,No,North,47634,5091
10473,23,Male,22.1,4,Yes,South,39386,11057
10474,29,Female,27.7,1,No,North,25783,6639
10475,35,Male,19.7,4,No,West,50198,5279
10476,58,Male,39.9,4,Yes,North,70309,14263
10477,41,Male,,2,No,West,33437,7265
10478,48,Female,30.2,2,No,East,56860,6494
10479,54,Female,34.1,2,No,South,70666,9048
10480,21,Female,24.3,4,No,West,61419,7468
10481,42,Female,21.1,3,No,East,76703,6928
10482,40,Female,17.7,3,No,North,69214,8061
10483,57,Female,25.0,3,No,West,58778,10308
10484,33,Female,18.7,1,No,South,53268,6430
10485,53,Male,28.0,1,No,West,64343,10360
10486,24,Male,28.5,4,No,North,53600,7035
10487,51,Male,26.5,0,No,North,62498,8907
10488,55,Female,29.9,3,Yes,South,67848,15758
10489,54,Female,25.1,0,No,West,55347,9199
10490,36,Female,25.7,1,No,East,48022,7598
10491,44,Female,28.6,4,Yes,South,60693,12437
10492,41,Female,23.1,4,No,South,69111,6700
10493,26,Female,35.1,4,No,South,35494,7824
10494,49,Male,23.7,4,No,East,73714,9935
10495,46,Female,23.8,0,Yes,East,43447,10505
10496,49,Male,19.9,3,No,South,55898,9277
10497,64,Female,24.4,0,No,South,71640,7211
10498,48,Male,29.1,2,No,South,60039,8456
10499,44,Female,30.2,0,No,South,52612,8545
10500,63,Male,25.2,3,No,East,86450,9220
10144,36,Female,29.0,3,No,East,63123,7221
10411,28,Female,32.0,2,No,North,58779,6462
10325,37,Male,28.9,0,No,North,38384,5430
10377,37,Female,28.3,3,No,West,46385,8705
10473,23,Male,22.1,4,Yes,South,39386,11057
10225,22,Female,29.5,1,No,West,38264,7636
10245,50,Male,22.6,0,No,West,63502,8714
10008,62,Female,26.2,4,No,East,71983,13166
10110,27,Male,34.0,4,No,North,58306,8743
10216,29,Female,30.2,0,No,East,47385,6060
