Math_Score,Statistics_Score,Programming_Score,ML_Score,AI_Score,Project_Score,Study_Hours,Internet_Access,Class_Participation,Parental_Support,Performance_Label
85.86259734470126,93.17741266109049,85.18668201376241,80.57925157272791,79.28403872139836,81.89316980042092,High,Yes,Active,Strong,Excellent
78.25675208722473,80.90134482609388,84.32873050211701,92.9980002152176,83.58198182893923,82.46830091340472,High,Yes,Passive,Strong,Excellent
85.34454212103128,92.26129752476447,76.80452196420026,83.43670279370326,80.64366786262772,82.71658801823388,Medium,Yes,Active,Strong,Excellent
84.38766638013469,82.74468846513219,79.53858131824899,78.18910161401094,84.17006515472602,88.2269454285081,Medium,Yes,Active,Strong,Excellent
89.0753676074501,84.90720153328436,87.16690338507178,86.87418283266138,80.55469509486157,87.06137127313627,High,Yes,Active,Strong,Excellent
79.84838068906083,83.29399286713188,74.7810666428032,81.31180942355496,91.79150218812892,83.49050296129847,High,Yes,Passive,Moderate,Excellent
82.83996973906437,84.30747917907682,86.82090901586284,90.15735824866506,88.88307487213555,84.36186646696177,Low,Yes,Active,Weak,Excellent
85.48944595307809,77.16834581336843,83.18938953077155,86.06435443514687,86.32967321333712,78.01333095336733,Low,Yes,Active,Moderate,Excellent
85.99742881346116,83.84533231070571,85.68417702229725,94.2417183827184,90.32225122101505,77.3129461546931,High,Yes,Active,Weak,Excellent
85.37230129947532,91.45918545873673,89.8331956557396,87.10975086799758,93.97892122598394,84.10224308627811,Low,Yes,Active,Weak,Excellent
89.91221283657814,88.68190169512843,80.64002656244897,86.613967103975,73.5514899002748,91.47064935052462,Low,Yes,Active,Strong,Excellent
87.08320678433793,87.60150737302124,87.54993252528625,83.19606277665581,78.40619533991551,83.81847543562078,Low,Yes,Active,Strong,Excellent
88.43606039700283,85.49968777435907,89.52976118709425,79.05398753587511,86.35088711093661,84.3856543656914,High,Yes,Active,Strong,Excellent
90.32760188827663,89.45353233114147,83.5664786861441,84.89331269853655,89.59660652059074,81.46926450891661,High,Yes,Active,Moderate,Excellent
80.75896953757315,79.62775372954049,85.2401091198218,82.70651175329654,80.98477740497268,82.11027010565768,Medium,Yes,Active,Strong,Excellent
88.94748850199151,78.75122775185498,88.61231330394025,84.95289542486877,99.8599489600549,84.38899239291122,Medium,Yes,Active,Strong,Excellent
91.32505901566567,85.03689509597714,76.01544504812978,82.31370631728377,87.26635404829568,89.59406130267915,Medium,Yes,Active,Strong,Excellent
79.20140154890494,88.28677617960332,90.45345764539807,76.22245346042452,92.3702957090604,84.96801752217128,High,Yes,Passive,Strong,Excellent
75.79266845983034,83.7211642499114,92.92141885963107,84.1925362133355,81.50608975006718,88.47829076228504,Low,Yes,Active,Moderate,Excellent
83.22775610810375,75.19662400441305,90.40811573241021,86.13684631057099,92.10800183360851,83.41702434948519,High,Yes,Passive,Moderate,Excellent
79.40249522267914,77.99432513614057,77.66114698997916,89.41747712010863,80.73691484892542,90.6144106013909,High,Yes,Active,Strong,Excellent
85.48882837246339,83.68468133135926,87.34681829481204,84.21087614486386,87.59115560819713,82.1911489949631,Medium,Yes,Passive,Strong,Excellent
85.84905231253468,85.74076751256672,80.35748712797398,88.6822473162114,91.91867625308358,86.83162353406927,High,Yes,Active,Weak,Excellent
90.72553767867166,76.64151804918762,87.2248603389552,86.87729633904415,87.90661825159644,84.33126466528914,Low,Yes,Active,Weak,Excellent
94.79922702864617,90.18083070956162,76.49347173474602,82.15436455995236,92.45408386898579,80.87060133475897,High,No,Active,Moderate,Excellent
88.88604145910801,87.48082865313755,85.66477552382898,90.0010110409863,85.93647601553623,86.34683729976037,Medium,Yes,Active,Strong,Excellent
79.59875824243193,91.54617000826556,84.5392178369513,82.17849443301749,92.46176285481967,92.69339025007355,Medium,Yes,Active,Weak,Excellent
99.00652801295807,92.06622511047894,86.089023313388,85.61997026246888,85.41746522453671,80.85575205748124,High,Yes,Active,Moderate,Excellent
84.99363929321277,87.24475126790557,88.88310770064598,85.20358993816313,85.5461471688515,91.16129908408794,Medium,Yes,Passive,Strong,Excellent
84.66205062775167,80.81513537475844,87.20948090515664,82.53535061001743,78.53340887968838,83.52138121771921,High,Yes,Passive,Strong,Excellent
77.07762592783928,82.35353286696093,84.13733912977487,82.33795732577241,84.67458540878535,78.91711833320358,High,Yes,Active,Strong,Excellent
83.44860757259858,84.86514612774445,86.97076198328273,88.60082621881588,81.90091796541799,79.89019942422208,High,Yes,Passive,Strong,Excellent
79.97553366241033,85.18656756793006,86.79094644407782,87.0144912451645,89.85743550180622,80.5382522583871,High,Yes,Active,Strong,Excellent
91.34384099324089,77.59529704604459,85.5637104903448,89.39883883599774,90.93017810532302,82.72769945987255,High,Yes,Passive,Weak,Excellent
75.790504886874,80.89387734622835,81.44172155895558,86.86570413874989,79.43067514171456,83.28359888164994,Medium,Yes,Active,Strong,Excellent
84.48671958299441,84.7894127642807,83.91696317333148,87.08661990914457,79.60124686750706,90.48091251454679,Medium,Yes,Passive,Moderate,Excellent
91.31198964563562,88.16921507314368,76.86206234700585,82.80307219545463,87.99387033061691,80.16676403967692,High,Yes,Active,Weak,Excellent
88.24803496603238,92.2067307747008,81.05548524451851,88.67623288286808,83.72537208315319,79.19025374606409,High,Yes,Active,Moderate,Excellent
79.65228853262803,81.82818216844298,86.44282456131266,73.73856646340985,84.69239048009527,91.39444912091348,Medium,No,Active,Weak,Excellent
86.1080383762301,96.25130991770561,79.58682271257108,86.76584910621789,94.80722057317865,88.56517679274289,Medium,Yes,Active,Moderate,Excellent
87.85833917670578,82.29073332620712,83.33652012811766,83.09603605958242,88.96000991034731,89.54002702635982,High,Yes,Active,Strong,Excellent
81.94935498000648,84.90864441593277,88.7888988154119,86.38469344381186,89.68455688094559,79.51749876753682,Medium,Yes,Active,Strong,Excellent
81.45072381516987,80.83423497325343,81.14792248585287,73.29857859949186,88.77978810504783,76.5436753960176,High,Yes,Active,Strong,Excellent
87.89865213233733,88.28545911093504,83.08893602832413,78.08701127471495,82.05668664862351,77.75405998034324,Medium,No,Active,Strong,Excellent
87.76989496163566,83.76185089051815,87.57733871250561,85.48292367826477,84.35809394505087,85.88061018437064,High,No,Active,Weak,Excellent
92.46507828352117,77.80456106383764,95.59425200628789,86.54186430086712,87.68585498460939,90.97198814087469,High,No,Active,Moderate,Excellent
83.54931246603878,84.16556203269735,92.11983590786483,86.11354972086635,79.29004310223762,87.55590611949117,Medium,No,Passive,Weak,Excellent
86.17262487222779,89.33438946907772,96.4867583921618,84.17636252247216,86.35923424427678,76.90331069698587,Medium,Yes,Active,Strong,Excellent
81.46062615857946,89.59435765862023,88.43937494667684,91.56144483450328,86.34449746160061,82.5721606644237,Medium,Yes,Active,Strong,Excellent
89.24838863627855,86.9123581577451,85.45254443670166,81.75100105545773,85.08818424655281,80.08259665670924,High,Yes,Active,Strong,Excellent
73.5695851027343,86.10496244613036,81.37006723096822,80.13073815261079,78.14157786674133,89.05693618713805,High,Yes,Passive,Weak,Excellent
85.4023467677187,93.58483688045888,85.05180568600123,72.15344594593626,88.4892858768924,87.51768956619254,High,Yes,Active,Moderate,Excellent
78.87370725707582,79.33000650121211,85.0469045429943,84.35609470672836,84.05542316166287,86.85982238679627,High,Yes,Active,Strong,Excellent
96.15245396683653,76.94053767120397,85.07579341239983,78.33904575328808,78.98625171735516,86.52131046095253,High,Yes,Active,Strong,Excellent
91.74994702709581,84.87048085034706,84.28279476497684,83.30811430602778,83.9374272684879,87.64683474522937,Low,Yes,Active,Moderate,Excellent
92.89341514770112,87.52972534778235,86.68991462364413,87.21108094866025,87.92946943508989,88.61090938136984,High,Yes,Active,Strong,Excellent
81.58184914909329,84.0692897461555,83.55941727981094,91.24744869884105,79.16259108886563,82.69879441074363,Medium,Yes,Active,Weak,Excellent
83.05844230117071,81.20887417931803,82.45225393870442,86.72294387514835,85.51947518104343,87.33407309954232,High,Yes,Passive,Moderate,Excellent
90.26745001386774,78.14016150847758,79.45123517885791,88.8943000332621,79.362824744598,85.28183333418028,High,Yes,Passive,Strong,Excellent
88.19260641720794,92.64195777827817,89.44583607753908,85.4967763076597,82.04167195620563,80.0336853657559,High,Yes,Active,Moderate,Excellent
78.16532036406866,81.29646915994473,81.46937693879973,74.2644902933905,89.02056941689902,68.17755227473553,High,No,Passive,Strong,Very_Good
69.35901128902849,76.27940410683043,72.70257298263378,77.40029257446052,77.80114037792963,78.94999680668728,High,Yes,Active,Moderate,Very_Good
79.48882776408512,83.18810247420373,68.89459267073481,70.5486269720647,85.55551063222006,69.12890657124032,Medium,No,Active,Weak,Very_Good
75.10800922206764,76.94342056400619,75.44625185379279,77.399629404221,81.29536963064575,69.34796247363892,Low,Yes,Active,Moderate,Very_Good
74.9800054360515,75.1121100674186,86.40899556591803,84.96856524860209,85.54858039279597,80.54241810587482,High,Yes,Passive,Strong,Very_Good
85.7852935441601,78.47774804534302,85.36309887254902,75.69516838612152,64.88591025941648,82.91354088100798,Low,Yes,Active,Strong,Very_Good
84.1829149986378,68.13086442739865,71.22755920721312,86.63112867524463,85.59750327436643,72.0082581468298,Medium,Yes,Active,Strong,Very_Good
84.6871568852322,72.50642259039023,85.69994111325693,75.4618455232407,92.4602197788093,83.3478299050547,High,Yes,Passive,Strong,Very_Good
72.67145179863353,70.95022042799437,77.88373226341227,82.58741850627753,72.80645995489846,81.85621021578483,Medium,Yes,Active,Strong,Very_Good
77.94323998710158,64.67792341116515,73.76153323247081,80.0235458099018,74.66962100486498,81.71397847520595,High,Yes,Active,Strong,Very_Good
87.72227232442266,86.73376337654732,72.93578569853352,73.78129722237942,72.05359643729992,77.14434528814702,High,Yes,Active,Weak,Very_Good
78.14541755859372,85.99576717566895,82.92609853119087,72.92478285033587,77.72542846028036,86.19192742097472,Medium,Yes,Passive,Strong,Very_Good
71.80446638967777,76.55465028845329,76.84323532733228,82.41891673838076,89.11011685026753,75.63375908594988,Low,Yes,Active,Strong,Very_Good
76.13121918365808,73.82487006883281,79.98789875524128,79.14898506887991,72.96031246765308,79.53545236210671,High,Yes,Active,Strong,Very_Good
77.68346665747073,80.46895763243154,93.93174033128966,81.2241155200338,58.49491157310434,69.59900876084137,High,Yes,Active,Strong,Very_Good
87.45999224482654,77.3260912010378,68.84885569985882,74.39979500018228,80.82095079974135,81.52080756444242,High,No,Active,Moderate,Very_Good
76.57679423437008,81.67993512880585,75.84458065521855,75.83442474866894,80.71217826875922,80.92485102365089,High,Yes,Active,Weak,Very_Good
78.17586496778249,79.83789302848807,69.27774225545838,81.8162067486192,89.99293297482636,78.14313311452823,Medium,Yes,Active,Strong,Very_Good
87.99069580373627,71.66996281027431,84.5236085625632,76.02191749497193,83.72042715159715,73.60838027909585,Low,Yes,Passive,Moderate,Very_Good
77.36986820974943,84.00636363067078,84.72164495319737,83.12911437154824,76.64725435802988,75.03740714677228,High,Yes,Active,Strong,Very_Good
79.32618724248732,86.05670109534317,80.51723019273868,75.48008343759896,79.50797017302965,75.82853373564602,High,Yes,Active,Strong,Very_Good
75.88487128754932,69.67403404630355,76.34420178295106,84.22739079182439,83.60930529028425,70.93721592010145,High,Yes,Active,Weak,Very_Good
79.77740053314989,89.95741158161059,87.5346327597589,75.55245923254694,79.09473969750793,79.04536606856159,Medium,Yes,Active,Moderate,Very_Good
84.81097747567384,77.6216273891133,74.30333697157262,79.83859072100033,80.49589563417196,82.36798668067769,High,No,Active,Moderate,Very_Good
66.68920216656622,73.85728085725138,71.23830720555281,81.1480324459396,71.58215980844744,86.65221753233246,High,Yes,Passive,Strong,Very_Good
77.54113984485919,77.5974588998583,78.33279672764805,81.42064299777606,80.38382626610482,84.29265213588978,High,Yes,Active,Moderate,Very_Good
77.21174477366353,83.18428778935376,71.75926900131678,84.02923648981678,83.02499146254776,62.52401481027893,Medium,Yes,Active,Strong,Very_Good
72.49784686489673,72.87327835361734,75.35428896353213,78.65906855734418,74.55498603912027,83.68809303094343,High,Yes,Active,Strong,Very_Good
73.5444343657462,76.23374984292025,78.69413577857507,71.10650873800947,78.72650120710134,77.48557473813472,Medium,Yes,Passive,Moderate,Very_Good
77.14955525638278,70.41603911850078,66.59933225595728,76.82631958722531,90.76697292293227,77.88095478068965,High,Yes,Active,Strong,Very_Good
85.87516533961985,80.69672771004488,74.99240764476205,76.43216878792562,66.56485797525893,83.07406363244766,High,Yes,Active,Moderate,Very_Good
87.06281414224617,87.8793927300341,80.9639721276662,79.00513440453801,85.88762411728379,83.45705071748748,High,Yes,Active,Moderate,Very_Good
86.05517983579446,78.31550309445622,83.65688128131205,76.72895906779159,85.79582742610913,69.79135938066948,Low,No,Active,Strong,Very_Good
83.4396192555304,72.09000171593041,82.52621147010031,79.55286558380064,74.59550576465027,78.99264935284677,High,Yes,Active,Strong,Very_Good
78.09013252778455,74.25438056093826,70.68040920570363,70.81998485554278,78.87205756859863,75.32592596032211,High,Yes,Passive,Moderate,Very_Good
79.57497717204784,74.65735608510187,83.83646252525784,81.26930980988588,80.09378772776869,71.20788271636546,Medium,No,Active,Strong,Very_Good
71.55097280890884,80.59310381368049,74.68407950945615,86.74590488596415,67.18276618198577,75.36591592030103,High,Yes,Active,Strong,Very_Good
87.15133784782213,77.3210503772833,83.25133952838556,68.87152678226103,86.78752176134503,84.2321292672259,High,No,Active,Moderate,Very_Good
78.73051168336826,81.50249471204532,75.57525162903728,82.29453200083715,83.09437875722074,82.14778751115614,Medium,Yes,Active,Strong,Very_Good
78.17075396364208,77.08128649188988,70.93378793035741,76.58225491678597,70.88430742009773,76.51771360921597,Medium,Yes,Active,Strong,Very_Good
76.2487768715975,79.89662227643974,78.58175528981207,73.20524128632061,74.79340312752242,83.7515026037809,High,Yes,Active,Weak,Very_Good
75.86110312334388,73.4736315876568,67.96448755710672,88.98861336038881,89.8315103380127,66.46015766347455,High,Yes,Active,Strong,Very_Good
69.94542848404456,77.75019605907198,84.93965059791388,75.73201735078285,85.39073784569766,81.0853204018083,High,Yes,Active,Moderate,Very_Good
73.71236275200378,76.12587801754145,78.67353538896273,73.25470086464216,61.155802716721325,64.59947703063956,High,Yes,Active,Strong,Very_Good
82.32575722707931,80.97668680392503,83.99321717755996,75.80069674033446,75.85304687874975,92.48731372463061,Medium,Yes,Active,Moderate,Very_Good
78.91047115924724,75.84356900846588,86.67969527083326,86.0654666917507,76.85019343191546,79.22306228146218,High,Yes,Active,Moderate,Very_Good
79.76234144891548,86.9351873870707,78.36473069119474,84.83300455069278,80.56276212928452,79.28271785136309,Medium,Yes,Active,Moderate,Very_Good
80.38530797386109,75.39399312306006,89.9317089889357,67.18243794800378,74.33169994134914,86.74998747220351,High,Yes,Active,Strong,Very_Good
89.965321960712,83.50934656052856,79.74317448032744,79.72016214910029,83.6104990034322,85.12054627315592,High,Yes,Passive,Strong,Very_Good
92.22977602806634,81.60587079215725,85.79109686208987,72.95808756140744,87.56419888057675,80.07247827190713,Medium,Yes,Active,Strong,Very_Good
81.46570153873635,70.82746987624594,80.11202606398477,78.82856763640237,81.46116974175204,73.02801759905559,Medium,Yes,Active,Moderate,Very_Good
74.11419809018514,69.89437724131588,78.41341828407808,80.30425392865216,74.18516495944033,78.80854779185292,Low,Yes,Active,Moderate,Very_Good
73.16598565055651,74.11406338481632,77.87692188045227,74.06130565133444,76.52428205090494,80.54085020896036,High,Yes,Active,Strong,Very_Good
88.249383898772,80.26392117177198,66.78530201471733,78.03867258954354,74.74702978376676,80.48377666938046,Medium,Yes,Active,Strong,Very_Good
73.09569761677095,68.62958723490232,80.89645263639214,79.15110449042277,81.16817940571546,91.25983300759707,High,Yes,Passive,Strong,Very_Good
71.98556415431993,77.02235012875785,84.42370153710769,73.82327838447554,77.6639681948246,87.14857197881047,High,Yes,Active,Moderate,Very_Good
72.98332911118324,72.07770906031931,85.3757975071519,80.86403768111944,76.72821363038173,72.5154960877561,High,Yes,Active,Moderate,Very_Good
83.50885460185073,67.58915449460255,75.69029007665536,74.35463111508327,81.75114592172639,91.4453687885725,Low,Yes,Active,Strong,Very_Good
84.62103158930901,69.140319926006,84.7598041507279,77.00532033185416,79.06755759136212,76.89295060083604,Low,Yes,Active,Strong,Very_Good
71.15879360843752,68.6083746482885,79.78224267979617,90.09335576262646,84.70048693716306,86.49839004177433,High,No,Active,Strong,Very_Good
83.22328967319875,88.1802403705273,77.89491781192666,80.62160880234505,79.4628014879862,77.94507980048377,Medium,Yes,Active,Moderate,Very_Good
73.90213624452105,72.60950623824323,75.81511811817049,70.50523182286886,85.78410751751642,86.71358850070762,High,Yes,Passive,Moderate,Very_Good
79.18850540244104,78.17586630329377,76.10126762201564,67.2143193122214,78.49444932437497,79.8804328786585,High,Yes,Active,Moderate,Very_Good
80.62661285592412,75.6039077315281,74.57486014587391,79.58772813120453,73.99550974827044,80.12700414655363,High,Yes,Active,Weak,Very_Good
85.6311090244738,78.94472798555216,71.52934578489655,74.2958341167368,78.82034558637814,68.92766901231857,High,Yes,Passive,Strong,Very_Good
65.92065530768147,69.76771938240715,63.525835393157145,82.79714608001498,70.26017094560174,79.44074357417779,Medium,Yes,Active,Moderate,Good
73.13637824001488,83.98034350854012,86.52986771427271,76.5322749471879,71.79653421388308,80.88308043322593,High,Yes,Passive,Moderate,Good
72.17426810859219,57.82480950593387,63.80659071404589,69.91973579977086,86.08161249265129,55.03166831581867,Low,No,Active,Moderate,Good
73.3041740137759,50.13934789729545,66.48609019104404,65.58256182386069,77.80247435442149,67.52363941472612,Low,Yes,Active,Moderate,Good
70.79403872904847,74.51959754297503,64.90629592192201,53.5582882208284,80.71539943680357,78.03380049523403,Medium,Yes,Passive,Moderate,Good
62.213970607377604,78.24589260124057,72.96315388675595,55.023259082793295,69.16734021500078,75.87857931277001,Medium,Yes,Active,Weak,Good
85.39337746921093,70.69609025814121,81.77896231242022,80.47556774751355,58.44358366599978,62.56075424982838,High,Yes,Passive,Moderate,Good
51.08109886708127,64.78347285966406,75.05596637631325,80.04819396666522,77.77209667447089,67.13453906397011,Low,Yes,Passive,Moderate,Good
65.91839167932582,85.0266910657034,79.49950644463469,76.64230794616546,59.30784862107645,76.28601483026664,Low,Yes,Passive,Moderate,Good
70.39994514192968,64.14654406861646,83.26337204665442,71.99796924876301,66.36135381115533,68.38165854107466,Medium,Yes,Active,Moderate,Good
81.02592949928592,71.47441665738027,59.324403488456056,70.97261083075495,65.04390843452776,60.06160332429333,High,Yes,Passive,Moderate,Good
79.59611762248205,76.33740153674398,76.55855705744054,69.31635461754927,70.29397643229467,70.16237444812595,Medium,Yes,Active,Moderate,Good
66.04593673794618,66.28239095489248,59.314514265914625,64.4302381116863,61.650537385973614,67.96377549663603,Medium,No,Active,Moderate,Good
66.83617945593966,66.18340748746377,69.62392543193307,61.622567556969045,82.48660343042143,75.78177490883567,Medium,Yes,Active,Strong,Good
64.35946895718688,66.9035130568658,66.85291994744983,76.33548722138431,85.99888893122781,64.79087465505167,Medium,Yes,Active,Weak,Good
68.94905228334015,65.45827843483701,73.85021376285624,75.20091133272834,70.2515502602845,67.86506652797974,Low,Yes,Active,Weak,Good
72.90010694299133,74.97731253417783,73.8583389505513,81.8772415591994,62.27981310975305,76.65517149305306,Medium,Yes,Passive,Strong,Good
82.81370774137596,76.49324075502547,73.98269772145554,56.81778987317588,80.66368708841921,72.56173878376049,Medium,Yes,Passive,Moderate,Good
62.62054574533654,63.35930212690989,61.43046761059422,65.2542569194888,72.7084459356169,62.88155686101858,Medium,Yes,Passive,Moderate,Good
65.95702703870501,63.766180896124084,67.99208908479142,63.75059010087342,69.84587418290536,73.19249696836852,Medium,Yes,Passive,Moderate,Good
68.98130831981554,70.62952428404108,69.90474033418286,78.15154360581889,69.8697209270673,83.73801584614783,High,Yes,Passive,Strong,Good
73.67872185095413,60.805151412143196,64.51568379874455,66.43964358755504,60.20097255476569,81.8021148663956,Medium,Yes,Active,Moderate,Good
66.89506270684903,83.20312987183605,79.2369037563896,79.11918371568025,68.05438240289287,74.01523716200599,Low,Yes,Active,Moderate,Good
71.05866308081495,73.53674355198312,74.88086092625646,64.9542042445756,78.76786676909899,64.1219463577764,Low,Yes,Active,Strong,Good
70.17121274706213,65.61333285694998,56.043396814560154,66.46595630750954,59.69173939872646,56.89475935468991,High,Yes,Active,Weak,Good
75.51158187260587,72.15153480803248,79.34015625877095,73.88911977290728,69.58609645020427,70.82253447245861,Medium,Yes,Active,Weak,Good
70.21281545883764,61.132838555868204,77.23836803735772,73.01527763800418,60.95542506664868,72.09098627679616,High,Yes,Passive,Strong,Good
90.94141698626325,60.90980896902984,75.7707026126047,75.82487953613746,65.44942621968691,78.288068137002,High,Yes,Passive,Moderate,Good
79.09656539242485,68.77410685490116,70.81513752274817,75.31564489828838,71.50809823306227,64.60633068248447,Low,No,Passive,Weak,Good
66.30359241472304,64.30564902948035,76.73354932164905,80.25775178790873,62.032523090214724,72.92372505298081,Medium,Yes,Active,Moderate,Good
72.12996934194749,58.62520797186863,69.48065967995241,68.65686425188684,70.12641929531965,66.39423619698005,Medium,Yes,Passive,Weak,Good
82.9170827522996,65.37330561842894,54.17213645182377,60.85952915207554,73.63481252597695,77.17460040887322,High,Yes,Passive,Strong,Good
63.92259156949873,72.09215651434664,72.08434448564599,67.92750677127864,73.24613188067826,69.78111129317014,Medium,Yes,Active,Moderate,Good
55.0283784709214,70.2393304009756,64.40639492774335,73.55925629462075,81.14273967775307,65.49624713790652,Low,Yes,Active,Moderate,Good
70.61873410982163,78.6604272978514,59.401316000388114,63.78154078620689,68.47548099061859,74.35900680871569,Medium,Yes,Passive,Moderate,Good
75.60164732307088,60.087802667072296,70.43286945217686,63.291900519732266,72.56678707377388,62.6510958750424,Medium,Yes,Active,Moderate,Good
69.76985981218048,60.27809247221527,72.64251397647244,78.25866386418977,68.37863932220904,60.25517076899955,High,Yes,Active,Strong,Good
68.07198059883734,76.29199121124542,74.75564545588227,76.30310689257037,74.68683916135325,74.44274523908364,Medium,Yes,Active,Weak,Good
71.50586759090547,66.70162035722554,63.35080588334893,62.1435579393084,75.66754286078974,61.40420842113982,Medium,Yes,Active,Weak,Good
73.86389338704357,76.39158930753378,85.97063704796314,72.86189489207314,82.7112785210575,59.838169378676255,Medium,No,Active,Weak,Good
81.10233860265195,59.98696671726796,72.78548235810604,63.89914342593185,79.054091358053,84.31181354923761,High,Yes,Active,Strong,Good
62.73601994514293,81.85315788261937,64.92746341397688,79.06263990247241,65.98312410793189,75.77223038513878,Medium,Yes,Active,Strong,Good
60.222120462827846,66.66503920191353,57.278730679682305,66.06434699970912,60.14754978334152,75.8535834933353,High,Yes,Passive,Moderate,Good
69.92749548316753,72.40849033421972,76.85360314686514,60.42443667995429,71.3833149917841,68.85810963295918,Medium,Yes,Passive,Weak,Good
59.5635046184773,66.04710945145243,78.80301566299548,58.51424777635556,80.50460167382052,72.26051997018392,Medium,Yes,Active,Moderate,Good
59.825568306966815,72.56105421516482,78.27658755596511,74.15594657022156,61.53462205285685,66.7629816716407,Low,Yes,Passive,Strong,Good
74.5794558988632,75.10531842483826,73.8680412331752,79.186135177771,70.36381440577328,68.42188615732691,Medium,No,Passive,Weak,Good
67.71508875776561,55.83708913206299,70.4161549326779,81.65382175579893,79.78802219643647,66.20686041730184,Low,Yes,Active,Moderate,Good
67.90984214335231,61.94775515241724,79.47486955380228,78.26197795861043,70.2011120338554,60.593270704854206,Low,Yes,Active,Weak,Good
69.13353380339281,69.7327316024959,59.32565142193109,63.10932254570979,80.72191724761115,66.50020952184106,High,Yes,Active,Strong,Good
58.783395570366515,79.19790364707703,80.03692134718618,59.51791453679772,77.81423771846046,66.75397597514193,Medium,Yes,Passive,Moderate,Good
82.9179412656544,71.85691609000826,70.56005752561151,68.38291358590236,84.21249571521636,52.66899911408,Low,Yes,Passive,Moderate,Good
75.38536740149564,70.74773031730224,71.84262153377784,68.13382921817295,58.93953498855097,73.32974145484283,High,Yes,Active,Weak,Good
59.31901250590919,54.20097990805022,69.04006775372343,66.35182731741112,75.71254470847228,68.08502670033687,Medium,Yes,Passive,Moderate,Good
63.73495967564385,69.06755504771202,79.23586029730708,62.647543852229944,81.796727902615,77.40179878935064,Low,Yes,Active,Strong,Good
71.10864351496568,53.812457830715715,58.065545997337225,68.71097637307233,76.56010293107353,69.43040046906256,Medium,Yes,Passive,Strong,Good
58.52364896091535,66.81061013332325,79.0385439930078,67.78772233502293,70.5508750442832,61.224561719860525,Medium,Yes,Active,Moderate,Good
73.69676801078538,51.25773553931601,66.71205594790815,81.67358545243577,70.2023843494697,62.02885775720743,Medium,Yes,Passive,Strong,Good
61.7339977606906,73.19357231386047,75.66618011376192,74.79365031859915,71.12054305377744,70.36939208142853,Low,Yes,Active,Moderate,Good
61.63496673639209,74.27311134024956,69.33517550278563,73.00192358396325,63.98023488101128,57.203420477914094,Medium,Yes,Passive,Weak,Good
63.037750980738984,57.09444003916734,75.89182243782929,77.08913674868208,62.52403825737407,60.840882675622424,High,Yes,Active,Weak,Good
60.28195466361349,63.936216342066764,51.95085937391387,70.01690160448425,65.69432596619713,71.87969647313973,High,Yes,Passive,Moderate,Good
61.99281812284498,80.62761189958552,70.61159055917265,64.83222040281282,82.57659052754656,74.1735887158005,Medium,Yes,Active,Moderate,Good
67.25554397993359,66.42818259473181,56.01436248855571,54.594611548357236,59.72229048573921,70.41655531970125,Low,Yes,Active,Moderate,Good
68.63966037022273,66.4504716859782,72.60243136434175,77.74652294440459,64.5770761331241,84.36955650070693,High,Yes,Active,Moderate,Good
69.60535351515767,66.15765957572997,68.92480986133435,75.7195865662463,66.38683179797304,71.4126195644856,Medium,Yes,Passive,Weak,Good
71.69690059350985,69.42354012103755,75.32125754153773,71.39803157633878,66.53993529391339,78.71632138761312,Low,No,Active,Weak,Good
73.8756327195416,73.95833971698855,71.72845449774009,73.36122068834467,65.20016189691727,72.29343697213743,Low,Yes,Active,Strong,Good
74.29353502405596,67.96574648985147,71.84869259926754,72.31976945271258,73.76772742018414,76.87476926090065,Low,Yes,Active,Moderate,Good
65.58389566556957,65.35451480846652,66.5858151127868,72.59238144674843,77.73539343286838,59.07325248613312,Low,Yes,Passive,Moderate,Good
53.36497064119355,69.21066701888017,66.8385723792992,52.719721652937,57.932585839164105,67.38540538515304,Medium,No,Passive,Moderate,Average
59.82894733340798,61.134470763972146,71.74549658833867,60.179566392656106,56.957539993454844,50.701177993682506,High,No,Active,Strong,Average
57.362070005718195,62.16411824638814,55.60716492094485,60.348735766103616,67.57961014853421,60.293682589414274,High,Yes,Active,Weak,Average
76.63359898396632,57.04532620777185,57.84376143416678,53.36405156447275,59.64168302762927,57.78048247225423,Medium,Yes,Active,Moderate,Average
48.88669348604469,61.431602167533605,78.35026815659512,66.91791660560672,64.68788651570213,60.58682436716611,Low,No,Passive,Strong,Average
57.92157389841748,41.700753151909836,72.47593431230317,65.6402766636561,65.2402841690808,57.89544472324474,High,Yes,Passive,Moderate,Average
72.26175868625586,72.68185316861802,61.31818784937296,66.58745030371357,66.2351155474296,71.48543322512687,Low,No,Active,Weak,Average
57.59694348104365,58.234660139825095,75.43828050924711,55.92443648456546,64.48836280836811,63.16487066238187,Medium,No,Passive,Weak,Average
79.48711337635339,60.63606313117698,63.797542004528545,60.175825904437204,72.12863646777714,64.25052685474411,Low,Yes,Passive,Moderate,Average
59.19256000092792,62.150436843088144,60.09940408061686,60.67391063265576,68.88036010216226,66.69137471566498,Low,Yes,Passive,Strong,Average
53.2093008469995,61.49720526743203,65.87329755525859,52.52922329619584,67.08312798417866,58.383806268248634,Low,No,Passive,Moderate,Average
60.8652785928003,53.597394890395684,54.357029885069934,54.796316057033664,49.85974619479678,61.84916809210736,Medium,Yes,Passive,Moderate,Average
51.31427094893515,56.67119938420224,66.3307348064775,60.66256044379011,61.939198978693156,67.14152480504275,Medium,No,Passive,Weak,Average
65.61998481734703,56.86197006260876,59.41451775759228,62.3046727731335,71.8834264103159,64.55441323816335,Medium,No,Active,Moderate,Average
61.747400680969605,55.594970873323014,63.160557150717274,55.52922731705509,68.46821110973131,54.861686652583685,Low,Yes,Passive,Strong,Average
59.631225405686116,64.7844396802379,67.46952459144678,68.43321608467735,57.3803243496304,72.01543546027821,Medium,Yes,Active,Moderate,Average
66.65050708527436,67.8626689053783,60.144204680506036,64.29190394588628,69.16621050624919,58.12220062228249,Medium,No,Active,Strong,Average
73.88089301484533,62.16248984019155,76.77903174540221,64.1174148704218,52.506408535574266,72.63121358995281,Low,No,Passive,Weak,Average
54.249352030119894,60.37976358744991,66.75026496978059,42.97532692253505,68.82391508895282,55.970832564927655,Low,Yes,Passive,Moderate,Average
64.15890592508488,64.57473548681257,58.19368923356897,63.77434411465554,58.124978952299045,57.41561641872052,High,Yes,Active,Moderate,Average
34.31427737996408,64.25915565688003,67.85396890624125,70.67214024144909,71.59158998537531,76.15083148522447,Medium,Yes,Passive,Weak,Average
51.35464970227363,53.82773315457443,70.17595917955475,62.34820930791931,58.280637577958885,60.52152632473646,High,No,Active,Moderate,Average
52.2472322557282,56.15351306295963,64.70359968222557,65.20914027347648,73.68728826879413,59.678939916796246,Medium,Yes,Active,Weak,Average
60.76593216112603,62.98431477044292,50.4970691664429,71.89789300634398,73.19966433621374,56.33841387943794,Medium,Yes,Active,Weak,Average
55.7982745488312,68.4008552527616,49.595699974289516,60.273850479152905,51.1853432722756,55.28993044215549,High,Yes,Passive,Moderate,Average
74.35175632181614,48.42757150310654,55.45814147246333,45.07755017976375,62.666195839410456,73.68502793542248,Medium,Yes,Passive,Strong,Average
65.07113616502002,61.253779404249364,66.02307842531319,48.600517497118105,58.13409097423486,53.74088072341938,Medium,Yes,Passive,Strong,Average
59.3534839726282,64.4759818157902,51.50289888980628,67.94375616877487,55.10927889200774,65.23808100219202,Low,Yes,Active,Moderate,Average
63.34651407493125,65.53413157475664,62.02910138491846,63.98984600164688,63.7661690203746,61.18721878372659,High,Yes,Active,Weak,Average
65.69150434237268,64.56263472039124,47.92540896514603,65.52509354247137,72.20538242165387,56.51719723501628,Low,Yes,Passive,Moderate,Average
58.89145930594395,62.113832814566834,60.842017015923204,61.64495114488163,55.913974927750644,60.97186522595199,Medium,No,Passive,Moderate,Average
59.07157165321897,58.51547519794127,62.35917879215817,66.66015854028214,64.40477990277283,67.94177577439609,Medium,Yes,Passive,Moderate,Average
53.51321639423971,58.80084927298515,55.698502811239024,70.97726686802504,52.62515446522159,57.4495616248126,Medium,Yes,Passive,Strong,Average
59.7023026258248,49.78071808195112,60.419491346666504,50.99795022874149,58.722237610482985,61.42306227886932,Medium,Yes,Active,Moderate,Average
44.0220720944921,56.157863060624166,69.93384050021113,44.82536206492108,49.91052136301028,65.36600807728856,High,Yes,Passive,Moderate,Average
64.28652105673987,62.32044933176952,80.92260067255944,59.778237655858796,56.71434686275927,50.08820426461767,Low,Yes,Active,Moderate,Average
53.304327451980804,68.80888558531129,63.310436297404905,60.192335811232745,61.397697558419885,61.27842283443617,Low,Yes,Passive,Strong,Average
69.96299923704086,69.80609208992547,69.46316550005443,66.76173498037048,73.20931032953409,73.51221019661699,Low,No,Active,Moderate,Average
68.42961769415918,44.70314870722903,45.04137175634425,57.8452598262666,52.246989018927245,59.360927247175944,Medium,Yes,Active,Strong,Average
49.65760220070871,56.66367381928275,65.61599058510873,54.13921050538971,70.71937840311514,42.11942378899241,Medium,No,Active,Strong,Average
57.50870390878038,74.95086206742528,58.13732128211372,67.81737014655592,61.42151908702578,64.51267502947995,Medium,Yes,Passive,Moderate,Average
74.99736961639178,65.42333167865232,66.22670957160697,65.99454305430335,56.94887799693221,64.4250107402622,High,Yes,Passive,Strong,Average
68.11024804184021,59.78676016804532,59.70309710540984,62.64828863766347,67.50332706608718,58.54195856843579,High,No,Passive,Moderate,Average
70.24031644155666,53.48796723644902,60.96308124330675,77.78492282023869,59.993203235967435,55.14703372966686,Medium,Yes,Passive,Strong,Average
61.026691764295734,61.92923292092827,53.7190892087674,78.138675567434,68.93885396739427,63.23406185190333,High,Yes,Active,Strong,Average
55.827777336916796,54.78365850173403,62.162777947343756,72.94801890596204,61.953358938808115,69.26579852344999,Low,Yes,Passive,Strong,Average
69.79138407955791,55.40134956879133,55.14407270413191,54.09507533776853,53.37157730846104,64.9379160950253,Medium,No,Active,Strong,Average
54.59059104942392,66.31934036873984,55.349141632012035,61.430619824694496,69.99303015645303,69.27320160674982,High,Yes,Passive,Weak,Average
65.68269239053525,50.00801408282857,63.968539568318164,54.402515754911406,57.04823872752881,55.13759506370878,High,No,Active,Moderate,Average
53.14691423823675,59.37562065917974,65.51755436255671,66.79184863156203,64.55654082456394,78.3597379949839,Low,Yes,Active,Moderate,Average
69.64185347834008,57.760422471378895,68.93790715977823,60.85049723451376,62.617010358800734,45.013600636089414,Medium,Yes,Passive,Moderate,Average
58.67015692395971,78.09527294491551,64.24384533204785,74.43362404682456,68.2069146223125,54.59606411905865,Medium,Yes,Active,Strong,Average
65.28599333364028,67.53446976139497,57.0482823017346,79.59099907228492,53.0139944786161,56.636868363018124,High,Yes,Passive,Strong,Average
60.60937249293768,55.88771970820058,52.28577250225451,72.35608359129901,70.84377559763556,51.857727194022765,High,Yes,Active,Moderate,Average
62.22945175918888,62.49810924171137,60.28887834002707,60.44200534035709,68.35982688466733,65.17469240867956,Medium,Yes,Active,Weak,Average
69.32098712630352,69.51012749302005,65.3124371309482,67.23872586195557,63.56549500073825,70.23176282218134,Medium,No,Passive,Moderate,Average
51.51298649909306,71.08795970451324,57.48941400101483,60.83387733551912,68.13086834359149,59.71494239070628,Medium,Yes,Active,Moderate,Average
71.9241924174184,64.84598144626337,56.32940156013235,66.2893999285018,51.13251210427376,62.209589122391066,Medium,Yes,Active,Strong,Average
54.07259713993182,74.74060303607715,55.12951943323967,57.39974439239566,68.58733175736076,56.99391746889063,Medium,Yes,Active,Strong,Average
45.372864484752,76.36837173198559,64.80491597961245,64.69375205879436,56.67798923112371,54.930177625761715,Medium,No,Active,Strong,Average
69.58590012316546,70.10903440628057,62.64531373604297,63.81612695952707,67.43051712382335,61.88727139468837,High,No,Active,Moderate,Average
62.64283423602318,51.495791614254806,58.35348116462221,71.50503539762826,65.02970303311238,68.03659356490685,Low,Yes,Passive,Strong,Average
66.32945603670531,65.58582600311763,72.66710197247076,66.0714353843048,62.66954870917118,78.98114510482267,High,Yes,Active,Weak,Average
78.77740375403972,67.56225473936536,54.715555626969234,63.62960278405216,63.02812909082617,52.96222381316285,Medium,Yes,Active,Weak,Average
61.44367283483942,59.99896925015403,58.52850771045522,67.00862546603084,63.22831442374829,57.70174283123351,Low,Yes,Active,Weak,Average
54.0926793768339,52.12810401193667,57.94876749980146,53.86534323810492,63.0468808706545,68.41836971828664,Low,Yes,Active,Moderate,Average
58.24001605709189,57.61528886596316,57.15048393944078,83.96094576019951,47.02269916147515,76.03569274508367,Medium,Yes,Active,Strong,Average
62.23862524102131,51.616887396170476,58.37331648207925,55.7170613444284,61.982886149391675,55.942480201842834,Medium,Yes,Active,Strong,Average
55.76620933273972,68.5021663078796,62.479164973549146,58.9205720746558,50.84163179510336,64.4106514854619,Low,Yes,Passive,Moderate,Average
49.10811403502335,58.54207008756279,58.03767883906821,63.4432946452513,47.67586596881387,67.17055999376292,Low,No,Active,Moderate,Average
61.35432111313382,65.4579757668039,73.31731601578403,73.75788368201562,68.79363076884941,59.40111714475949,High,No,Passive,Moderate,Average
54.85720492107202,58.397573701121416,65.7728185615676,66.58323410779525,54.60396842445648,62.81169615248326,High,Yes,Active,Moderate,Average
47.120649326979525,65.70133474023478,58.53585033172332,70.47485923823994,65.97836260365133,58.925869656779824,Medium,No,Passive,Moderate,Average
60.83446316420724,58.92568696606047,62.69931034727691,76.02420628741892,75.55375698940887,58.518498011430786,Medium,Yes,Passive,Moderate,Average
56.47520609911947,57.652592450076085,71.28013034661839,61.5581392658269,62.40334314799051,57.761466502818294,Low,No,Passive,Weak,Average
50.74400175943103,66.52137887676928,76.92166319672249,40.08276041019155,38.74174997402352,55.70602960332203,Low,Yes,Passive,Weak,Below_Average
58.36372391146713,45.05805202018851,60.049308868084246,52.63846645736951,48.97668730094103,53.33591894441452,Medium,Yes,Active,Weak,Below_Average
55.916702058008326,36.52862794159975,59.92093610612696,60.35124461884052,71.25186827507507,53.6530880083187,Medium,Yes,Active,Weak,Below_Average
60.41014239372936,50.78524470994979,74.23007235439485,50.06273086348127,42.542162421131835,54.30807513850174,Medium,No,Passive,Weak,Below_Average
54.509089515956205,44.01982364648944,44.5752833304457,51.59250854458771,52.54379615039224,54.84638393897565,Medium,Yes,Passive,Moderate,Below_Average
62.77272232014195,42.379378797687615,54.26549851728675,65.4939231606754,51.501595633545854,65.68804478598268,Medium,Yes,Passive,Strong,Below_Average
58.3936525938236,58.90275424651335,56.10007984674253,64.8739507734351,66.67117997979334,50.520623599720594,Low,No,Passive,Weak,Below_Average
49.95832869550891,62.40632707379493,46.161729169145204,55.90831786032852,52.11368282929209,62.09486911792669,Low,Yes,Passive,Weak,Below_Average
48.17095681481435,40.193656320596915,48.593232834328624,47.50733672938891,64.99226125322367,49.319675047790355,Low,Yes,Active,Moderate,Below_Average
57.862025283609334,40.51419334165101,52.01662991021078,62.95714360017004,61.162573495384464,52.931234204842276,Low,Yes,Passive,Weak,Below_Average
63.93093898506934,42.20333589621461,51.59861678107731,57.91681430243263,58.34064561901404,55.92371008816965,Medium,Yes,Passive,Moderate,Below_Average
44.67640286079094,55.99460450417372,58.03895319280894,53.84029624340298,60.44202872404947,65.47577088501875,Low,Yes,Passive,Weak,Below_Average
60.97683284191463,60.17891990237163,63.95769678974215,55.041710252167015,38.75077865177612,36.91182884005138,Medium,Yes,Passive,Weak,Below_Average
53.098154410835676,54.611735649306354,62.58463209506882,61.68677228592763,49.578398519051,53.2269645293109,Low,Yes,Active,Strong,Below_Average
40.79926140287225,35.2498628142344,51.77647874143245,41.1205885832026,45.037129576240616,45.72899894255049,Medium,Yes,Active,Weak,Below_Average
56.67170182195542,47.73283161263437,60.383046355560566,66.25567145699951,40.6430323149307,36.633702962706174,High,Yes,Passive,Moderate,Below_Average
56.84781857415072,57.593664925286866,50.30572418672327,54.36477313288895,58.55876454353058,60.85888121095311,Low,Yes,Active,Moderate,Below_Average
46.765545297417376,58.50246415900332,58.80008202836349,58.37654355388701,46.58227774468869,59.465533807760146,Medium,Yes,Passive,Weak,Below_Average
46.46927537758505,58.93943143676521,53.79682493195824,54.82755022752486,39.98768647331839,67.13863312631675,Medium,Yes,Passive,Weak,Below_Average
55.635001249665486,46.477317856315366,62.41088076492043,44.07096274975331,64.59758315115593,51.812059549954874,Medium,No,Passive,Moderate,Below_Average
41.759899134708306,53.62880157943761,52.18349991403453,35.603116631553355,39.88893469455544,48.84825868277451,Low,No,Passive,Strong,Below_Average
56.528737872295956,36.94447702690899,58.521243659189295,60.57069592130631,59.16795787542879,40.323157217120766,Medium,Yes,Passive,Weak,Below_Average
66.2875856163012,58.84531126013631,48.23751847534949,66.15254885358756,50.40354567876236,72.01896947551538,Low,Yes,Passive,Moderate,Below_Average
65.01561817501795,52.57718289666487,49.5173950008843,65.0524990647057,64.59519879973749,54.49390030748067,Low,Yes,Active,Weak,Below_Average
39.950403800889326,45.724301306979584,60.77229818204302,57.8675923977659,40.19221785561743,50.09065284870164,Low,Yes,Passive,Moderate,Below_Average
63.024020974692355,64.28271090416696,58.77235425798236,49.58877631195112,45.71853373460695,57.9213927346603,Low,No,Passive,Moderate,Below_Average
40.82995942494671,45.72563353445441,51.582301083318804,58.23611272009306,66.9678934773415,48.8126672648274,Medium,No,Passive,Weak,Below_Average
58.81500948582084,52.23800147866051,60.938744229013295,39.396406092511256,70.9707078760343,56.24439961833064,Low,No,Passive,Strong,Below_Average
49.711629519588016,48.63629853914579,61.32536029121623,53.15796424829327,44.23898970495492,56.72903432421275,High,No,Passive,Weak,Below_Average
49.515380733375224,47.0657150452779,37.206880655208735,53.071369836324195,39.02027376402285,65.22821399330265,Medium,Yes,Passive,Weak,Below_Average
37.1569120852064,60.268084687679625,52.51112877895533,44.50575462183184,42.246148661538015,50.20026200992118,Low,Yes,Passive,Weak,Below_Average
61.963719955095954,59.40909696204815,53.885887926103806,71.10479123235102,61.24885532946267,53.613331615213546,Medium,Yes,Passive,Moderate,Below_Average
55.839744646215536,57.65803792411763,50.58770324398272,67.04173392537194,47.88961092796504,63.34804927933497,Low,Yes,Passive,Moderate,Below_Average
54.7280336309174,72.65858452204284,49.84916520785743,51.823011810015224,64.97910049291933,43.35858901473463,Low,Yes,Passive,Weak,Below_Average
68.20226198696334,59.21214169397869,63.959729799294536,51.00205763984942,48.20237979501223,67.08569970520773,Medium,Yes,Active,Weak,Below_Average
44.34032936830663,44.240299440649636,54.609959804511476,51.115846136708164,72.74520571908948,55.924625884654965,Medium,Yes,Passive,Weak,Below_Average
54.706137360309725,55.542981084858,65.49476072461398,42.566404065539196,45.697511563038844,56.84381201240585,High,Yes,Passive,Weak,Below_Average
71.49694851423982,53.22396829034167,82.38566626047518,55.139745258730386,68.78132053750252,61.02826619581141,Low,No,Passive,Weak,Below_Average
47.20722333603593,53.34225207565263,65.89428888660876,41.65329190551056,59.96674337290807,58.20984213139508,Medium,Yes,Passive,Weak,Below_Average
61.96875538616254,61.54615658655414,53.92802690512619,58.041090855876135,64.96988778331789,61.17439587726948,Medium,Yes,Passive,Strong,Below_Average
73.2130717189027,42.24663026948227,62.2401128440304,57.66350444782932,54.30403106468643,45.0207312872066,High,Yes,Passive,Weak,Below_Average
53.31400682771512,63.95763421614923,58.84303910977924,28.057984645740415,53.66177399099506,57.741915723752236,Medium,No,Passive,Weak,Below_Average
64.74158194214371,58.11954550405359,40.77064582365308,40.222724415282634,55.692468660542566,54.58497317352422,Medium,Yes,Active,Weak,Below_Average
58.77848260723623,54.947705870242125,62.641754721963686,71.90854096830026,63.30021718671867,61.858542758831504,Medium,No,Passive,Weak,Below_Average
52.33928194131687,61.21908218398961,64.50778111432298,56.850813714609814,60.75589590467776,49.341378445294026,Medium,No,Passive,Moderate,Below_Average
61.76851707521531,49.749856581318866,67.6662989769059,48.56004348012059,51.35791672001953,68.03585232689285,Low,No,Active,Weak,Below_Average
60.89869615170014,66.4085267848186,39.89161368388625,51.31456707627458,40.67386635293581,54.732818599031276,High,No,Active,Weak,Below_Average
47.0579139490654,66.16346228272239,42.034035023786466,46.48593816500349,48.63366207309889,50.65253819288469,Medium,No,Passive,Strong,Below_Average
54.21048278440647,60.473914539667554,68.49535933094579,59.307836115581246,49.19151645800205,57.12149468842483,Low,No,Active,Weak,Below_Average
55.76623361923072,43.429489522643905,56.20613642908984,62.47751676651106,60.80575597068804,51.056732745158264,Low,No,Passive,Weak,Below_Average
55.69035110975301,50.16409011172882,44.1716547931397,20.90632391521794,45.022942435801404,35.76274662472432,Low,Yes,Active,Weak,Poor
41.155814252674894,31.368729210724993,44.522647280963774,55.19500477621342,33.82661709503036,49.19923289115986,Medium,No,Active,Weak,Poor
54.948420797331465,14.640391200643993,42.887688064427216,55.5261169410707,48.63669686967143,45.15297892975414,Low,Yes,Passive,Weak,Poor
39.13388613502201,47.072579392770756,41.50679938805173,39.095834763124195,42.20840357502705,38.978633162422284,Medium,Yes,Active,Weak,Poor
52.590598343761144,38.57539943422741,40.28686137690901,46.45796379398671,42.63053379119672,29.950922576891834,Medium,Yes,Passive,Moderate,Poor
36.85057885792969,38.32570812572505,44.15319647606582,47.20566345087453,44.846921817354975,47.58806553882593,Medium,No,Passive,Weak,Poor
50.29304080332533,50.613787218699564,66.72144856509271,62.52060112286404,47.4472648346762,57.43480858970776,Low,Yes,Passive,Weak,Poor
52.09716335337096,45.026069918520555,58.29597303803628,39.326419238230855,62.74771207611417,42.6821391808967,Low,Yes,Active,Weak,Poor
47.05909074834688,49.974227987100846,43.25171955818115,44.51522284932048,42.46054780466537,58.717386427583776,Medium,Yes,Active,Moderate,Poor
68.31186297351495,59.98846292284625,12.62628087544637,45.646325188947245,50.669910053217365,31.828723211860634,Low,No,Passive,Moderate,Poor
51.02429361133755,61.10320814120588,43.404537559673486,42.66622336588196,41.85736353464445,49.68644693969394,Low,Yes,Passive,Weak,Poor
46.77871357263125,35.43256320114937,36.46181145014259,43.9885454312641,25.219713827428187,47.02447620532766,Medium,Yes,Passive,Weak,Poor
42.658492937970564,51.3852219329776,67.47060826252526,45.30722843908885,58.930552843615395,52.28662836986109,Medium,Yes,Passive,Moderate,Poor
48.97672043006183,53.806079780088254,43.83582902324641,49.108479426412714,62.811111384879695,45.65128146940247,Low,Yes,Passive,Weak,Poor
49.21634384702768,61.37784074172704,61.79637596589318,39.00176302867806,49.246855820737096,46.93599986642376,Low,Yes,Active,Strong,Poor
51.20390109643229,52.87854141578341,68.43189330872082,49.33710643434662,63.739024203523186,50.281704059175894,Medium,No,Passive,Weak,Poor
27.38481983888486,63.29330746424884,45.789340193252336,43.85945265312629,43.272903568439595,54.55215563200615,Low,No,Passive,Weak,Poor
52.0416977542966,45.113877984685594,33.29449976277085,56.83861762564845,54.33140478695686,72.87099420250868,Medium,No,Passive,Moderate,Poor
46.60647343279366,49.492046414566744,51.80004042952143,54.54038687195625,50.72470179309004,50.40403839611396,Medium,No,Active,Moderate,Poor
50.0039433010913,48.806154419577915,31.290156077741756,55.163639070821944,31.158518049309052,56.657510254459645,Low,Yes,Passive,Weak,Poor
58.15453223572011,46.036289027926166,58.394774260140466,50.47786883715399,47.00246397693865,32.33310067901749,Low,Yes,Passive,Moderate,Poor
47.94336073493163,36.19774505297423,36.72542293670072,46.634872127972706,43.84736874000729,47.45119800071663,Low,Yes,Passive,Moderate,Poor
45.48666196566142,43.70626998508299,31.889659203873663,39.873778343261925,46.70778488383448,37.65437239054953,Low,No,Passive,Weak,Poor
47.77442856130531,43.2606169185797,51.462166951780844,47.67464750897926,31.551698190896754,33.45429833831889,Medium,Yes,Passive,Weak,Poor
45.76288794024141,55.20815894745659,32.83597256732365,20.39367130958109,21.32504036013765,27.747420928967514,Medium,No,Passive,Moderate,Poor
51.46133043487549,42.693640456480495,39.128074466707076,43.34273377333417,50.90719686860068,38.63908620071068,Low,Yes,Passive,Weak,Poor
28.34487022665061,33.05094118464564,44.80021473508136,39.005732930578205,45.01268569231518,44.634020452115806,Medium,Yes,Passive,Strong,Poor
44.85046466752726,56.05214111515072,38.1270032131946,45.84505499323304,34.89000418250836,38.306108745048604,Medium,No,Passive,Moderate,Poor
44.98209064786472,50.0446882085552,34.71949639510032,39.09605058493772,28.98058404264837,29.311189893747756,Low,Yes,Active,Weak,Poor
30.10576068147885,31.832938825100122,48.78242685134402,44.21475101994597,25.54632683996194,40.82557835424485,Medium,Yes,Passive,Moderate,Poor
35.815903011704435,72.77232714620689,50.81429247571202,33.745462687444544,29.46396686550872,40.9868684629167,Low,No,Passive,Moderate,Poor
34.45770445701076,65.53538973622801,45.119023839381626,61.08237932773901,50.545953318859084,41.65241287351814,Low,No,Active,Weak,Poor
38.22095530349049,47.0892750907199,61.2217771165586,45.00178937955329,49.473071210399866,40.57522207517653,Medium,Yes,Passive,Moderate,Poor
55.92738905240642,49.14602986772697,63.224074846064916,66.25054722085835,52.26519472975341,57.294273255743846,Medium,No,Active,Moderate,Poor
23.071404829896814,24.87738044693763,38.408432106523406,48.4878715821822,41.65035807863091,52.76220493302414,Low,Yes,Passive,Weak,Poor
44.193914319631745,29.79053004115275,30.425554029490858,52.274955900301094,33.76823463142081,49.94009399276691,Low,Yes,Active,Moderate,Poor
40.89094322225133,30.782846758615833,54.90322914866182,52.1522231733492,54.91856537901803,54.4315340822362,Low,Yes,Passive,Weak,Poor
69.36185895116073,40.33588909474926,31.771036530089248,68.70386009912457,34.05601346849664,41.08205402881275,Medium,No,Active,Moderate,Poor
49.436739487183715,56.93997787385531,52.837861754242795,51.20572808267417,42.397319027089694,45.924485458286036,Medium,Yes,Active,Weak,Poor
45.09932508191266,50.94114208567283,42.89142613424158,48.68754036110495,33.053937611994925,42.843211121275424,Low,Yes,Passive,Weak,Poor
